epoch,reward,kl_divergence
1,0.7580376863479614,5.060361385345459
2,0.9595156908035278,5.051671028137207
3,0.995012104511261,3.950826168060303
4,0.9967284202575684,-6.376477241516113
5,0.8975580334663391,10.203742980957031
